Workbook
Name Slicer_Naam: #N/A
Name Slicer_Per_fles: #N/A
Name Slicer_Type: #N/A

Sheet Dashboard
A10: Bier | B10: Volume (L) | C10: Kosten batch | D10: Kosten Fles | E10: Beoordelingen (1-5)
A11: Gouden Uurtje | B11: 8 | C11: 27.4215 | D11: 1.1425625 | E11: 3
A12: Eindtotaal | B12: 8 | C12: 27.4215 | D12: 1.1425625 | E12: 3

Sheet Brouwhistorie
C1: Batch | D1: Naam | E1: Type | F1: Liters | G1: Kosten | H1: ABV | I1: IBU | J1: Final Gravity | K1: EBC | L1: Per fles | M1: Beoordeling
C2: #1 | D2: Bittersweet Summer IPA | E2: IPA | F2: 9 | G2: =Brouwgegevens!D16 -> 54.466 | H2: 0.0656 | I2: 108 | J2: 1.008 | K2: 10 | L2: =G2/(F2*3) -> 2.0172593 | M2: 3
C3: #2 | D3: Tropical Breeze | E3: IPA | F3: 10 | G3: =Brouwgegevens!J16 -> 38.048 | H3: 0.059 | I3: 62 | J3: 1.008 | K3: 12 | L3: =G3/(F3*3) -> 1.2682667 | M3: 4
C4: #3 | D4: Lek-Porter | E4: Porter | F4: 9 | G4: =Brouwgegevens!P16 -> 25.806 | H4: 0.043 | I4: 23 | J4: 1.01 | K4: 50 | L4: =G4/(F4*3) -> 0.95577778 | M4: 2.5
C5: #4 | D5: Gouden Uurtje | E5: Blond | F5: 8 | G5: =Brouwgegevens!V18 -> 27.4215 | H5: 0.076 | I5: 24 | J5: 1.012 | K5: 11 | L5: =G5/(F5*3) -> 1.1425625 | M5: 3

Sheet Brouwgegevens
C1: Origineel | I1: Origineel | O1: Origineel | U1: Origineel | AA1: Origineel
C2: BitterSweet | D2: Summer | E2: IPA | G2: Voorgeschroot | I2: Tropical | J2: Breeze | K2: IPA | L2: Versie 1 | M2: Voorgeschroot | O2: Lek-Porter | U2: Gouden Uurtje | AA2: Albino | AB2: Weizen
C3: Naam | D3: Hoeveelheid | E3: Eenheid | F3: €/brouw | G3: Aankoop | H3: Prijs | I3: Naam | J3: Hoeveelheid | K3: Eenheid | L3: €/brouw | M3: Aankoop | N3: Prijs | O3: Naam | P3: Hoeveelheid | Q3: Eenheid | R3: €/brouw | S3: Aankoop | T3: Prijs | U3: Naam | V3: Hoeveelheid | W3: Eenheid | X3: €/brouw | Y3: Aankoop | Z3: Prijs | AA3: Naam | AB3: Hoeveelheid | AC3: Eenheid | AD3: €/brouw | AE3: Aankoop | AF3: Prijs
C4: Batch volume | D4: 9 | E4: L | I4: Batch volume | J4: 10 | K4: L | O4: Batch volume | P4: 9 | Q4: L | U4: Batch volume | V4: 8 | W4: L | AA4: Batch volume | AB4: 9 | AC4: L
C5: Elektriciteit | D5: 5 | E5: kWh | F5: =D5/G5*H5 -> 1.1 | G5: 1 | H5: 0.22 | I5: Elektriciteit | J5: 5 | K5: kWh | L5: =J5/M5*N5 -> 1.1 | M5: 1 | N5: 0.22 | O5: Elektriciteit | P5: 5 | Q5: kWh | R5: =P5/S5*T5 -> 1.1 | S5: 1 | T5: 0.22 | U5: Elektriciteit | V5: 5 | W5: kWh | X5: =V5/Y5*Z5 -> 1.1 | Y5: 1 | Z5: 0.22 | AA5: Elektriciteit | AB5: 5 | AC5: kWh | AD5: =AB5/AE5*AF5 -> 1.1 | AE5: 1 | AF5: 0.22
C6: Water | D6: 330 | E6: L | F6: =D6/G6*H6 -> 0.759 | G6: 1 | H6: 0.0023 | I6: Water | J6: 330 | K6: L | L6: =J6/M6*N6 -> 0.759 | M6: 1 | N6: 0.0023 | O6: Water | P6: 330 | Q6: L | R6: =P6/S6*T6 -> 0.759 | S6: 1 | T6: 0.0023 | U6: Water | V6: 330 | W6: L | X6: =V6/Y6*Z6 -> 0.759 | Y6: 1 | Z6: 0.0023 | AA6: Water | AB6: 330 | AC6: L | AD6: =AB6/AE6*AF6 -> 0.759 | AE6: 1 | AF6: 0.0023
C7: Citra | D7: 50 | E7: gram | F7: =D7/G7*H7 -> 4.975 | G7: 100 | H7: 9.95 | I7: Citra | J7: 50 | K7: gram | L7: =J7/M7*N7 -> 4.975 | M7: 100 | N7: 9.95 | O7: East kent gold | P7: 15 | Q7: gram | R7: =P7/S7*T7 -> 0.7425 | S7: 100 | T7: 4.95 | U7: East kent gold | V7: 5 | W7: gram | X7: =V7/Y7*Z7 -> 0.2475 | Y7: 100 | Z7: 4.95 | AA7: East kent gold | AB7: 20 | AC7: gram | AD7: =AB7/AE7*AF7 -> 0.99 | AE7: 100 | AF7: 4.95
C8: Azacca | D8: 50 | E8: gram | F8: =D8/G8*H8 -> 4.975 | G8: 100 | H8: 9.95 | I8: Azacca | J8: 50 | K8: gram | L8: =J8/M8*N8 -> 4.975 | M8: 100 | N8: 9.95 | O8: Maris otter | P8: 2000 | Q8: gram | R8: =P8/S8*T8 -> 7.5 | S8: 1000 | T8: 3.75 | U8: Nectaron | V8: 15 | W8: gram | X8: =V8/Y8*Z8 -> 1.575 | Y8: 100 | Z8: 10.5 | AA8: Maris otter | AB8: 2000 | AC8: gram | AD8: =AB8/AE8*AF8 -> 7.5 | AE8: 1000 | AF8: 3.75
C9: Mout | D9: 5000 | E9: gram | F9: =D9/G9*H9 -> 14.45 | G9: 1000 | H9: 2.89 | I9: Mout | J9: 3000 | K9: gram | L9: =J9/M9*N9 -> 8.67 | M9: 1000 | N9: 2.89 | O9: Crystal | P9: 250 | Q9: gram | R9: =P9/S9*T9 -> 0.9625 | S9: 1000 | T9: 3.85 | U9: Huell Melon | V9: 10 | W9: gram | X9: =V9/Y9*Z9 -> 0.395 | Y9: 100 | Z9: 3.95 | AA9: Crystal | AB9: 400 | AC9: gram | AD9: =AB9/AE9*AF9 -> 1.54 | AE9: 1000 | AF9: 3.85
C10: Haver | D10: 1000 | E10: gram | F10: =D10/G10*H10 -> 2.95 | G10: 1000 | H10: 2.95 | I10: Haver | J10: 1000 | K10: gram | L10: =J10/M10*N10 -> 2.95 | M10: 1000 | N10: 2.95 | O10: Chocolate | P10: 125 | Q10: gram | R10: =P10/S10*T10 -> 0.525 | S10: 250 | T10: 1.05 | U10: Floormalted Pilsner | V10: 2000 | W10: gram | X10: =V10/Y10*Z10 -> 7.5 | Y10: 1000 | Z10: 3.75 | AA10: Chocolate | AB10: 125 | AC10: gram | AD10: =AB10/AE10*AF10 -> 0.525 | AE10: 250 | AF10: 1.05
C11: Gist | D11: 1 | E11: pk | F11: =D11/G11*H11 -> 13.99 | G11: 1 | H11: 13.99 | I11: Gist | J11: 1 | K11: pk | L11: =J11/M11*N11 -> 2.95 | M11: 1 | N11: 2.95 | O11: Safale S-04 | P11: 1 | Q11: pk | R11: =P11/S11*T11 -> 2.95 | S11: 1 | T11: 2.95 | U11: Weyermann Vienna | V11: 1000 | W11: gram | X11: =V11/Y11*Z11 -> 3.29 | Y11: 1000 | Z11: 3.29 | AA11: Oats flaked | AB11: 100 | AC11: gram | AD11: =AB11/AE11*AF11 -> 0.295 | AE11: 1000 | AF11: 2.95
C12: Kroonkurken | D12: =D4*3 -> 27 | E12: # | F12: =D12/G12*H12 -> 1.1475 | G12: 100 | H12: 4.25 | I12: Kroonkurken | J12: =J4*3 -> 30 | K12: # | L12: =J12/M12*N12 -> 1.275 | M12: 100 | N12: 4.25 | O12: Kroonkurken | P12: =P4*3 -> 27 | Q12: # | R12: =P12/S12*T12 -> 1.1475 | S12: 100 | T12: 4.25 | U12: Oats flaked | V12: 500 | W12: gram | X12: =V12/Y12*Z12 -> 1.475 | Y12: 1000 | Z12: 2.95 | AA12: Safale S-04 | AB12: 1 | AC12: pk | AD12: =AB12/AE12*AF12 -> 2.95 | AE12: 1 | AF12: 2.95
C13: Reiniging | D13: 10 | E13: ml | F13: =D13/G13*H13 -> 0.699 | G13: 100 | H13: 6.99 | I13: Reiniging | J13: 10 | K13: ml | L13: =J13/M13*N13 -> 0.699 | M13: 100 | N13: 6.99 | O13: Reiniging | P13: 10 | Q13: ml | R13: =P13/S13*T13 -> 0.699 | S13: 100 | T13: 6.99 | U13: Safale BE-256 | V13: 1 | W13: pk | X13: =V13/Y13*Z13 -> 3.69 | Y13: 1 | Z13: 3.69 | AA13: Kroonkurken | AB13: =AB4*3 -> 27 | AC13: # | AD13: =AB13/AE13*AF13 -> 1.1475 | AE13: 100 | AF13: 4.25
C14: Suikertabletten | D14: =D4*3 -> 27 | E14: # | F14: =D14/G14*H14 -> 2.4705 | G14: 60 | H14: 5.49 | I14: Suikertabletten | J14: =J4*3 -> 30 | K14: # | L14: =J14/M14*N14 -> 2.745 | M14: 60 | N14: 5.49 | O14: Suikertabletten | P14: =P4*3 -> 27 | Q14: # | R14: =P14/S14*T14 -> 2.4705 | S14: 60 | T14: 5.49 | U14: Kroonkurken | V14: =V4*3 -> 24 | W14: # | X14: =V14/Y14*Z14 -> 1.02 | Y14: 100 | Z14: 4.25 | AA14: Reiniging | AB14: 10 | AC14: ml | AD14: =AB14/AE14*AF14 -> 0.699 | AE14: 100 | AF14: 6.99
C15: Verzendkosten | F15: 6.95 | I15: Verzendkosten | L15: 6.95 | O15: Verzendkosten | R15: 6.95 | U15: Reiniging | V15: 10 | W15: ml | X15: =V15/Y15*Z15 -> 0.699 | Y15: 100 | Z15: 6.99 | AA15: Suikertabletten | AB15: =AB4*3 -> 27 | AC15: # | AD15: =AB15/AE15*AF15 -> 2.4705 | AE15: 60 | AF15: 5.49
C16: Totaalprijs | D16: =SUM(F4:F15) -> 54.466 | I16: Totaalprijs | J16: =SUM(L4:L15) -> 38.048 | O16: Totaalprijs | P16: =SUM(R4:R15) -> 25.806 | U16: Suikertabletten | V16: =V4*3 -> 24 | W16: # | X16: =V16/Y16*Z16 -> 2.196 | Y16: 60 | Z16: 5.49 | AA16: Verzendkosten | AD16: =6.95/2 -> 3.475
C17: Prijs per fles | D17: =D16/(D4*3) -> 2.0172593 | I17: Prijs per fles | J17: =J16/(J4*3) -> 1.2682667 | O17: Prijs per fles | P17: =P16/(P4*3) -> 0.95577778 | U17: Verzendkosten | X17: =6.95/2 -> 3.475 | AA17: Totaalprijs | AB17: =SUM(AD4:AD16) -> 23.451
U18: Totaalprijs | V18: =SUM(X4:X17) -> 27.4215 | AA18: Prijs per fles | AB18: =AB17/(AB4*3) -> 0.86855556
U19: Prijs per fles | V19: =V18/(V4*3) -> 1.1425625
I22: Verbeterde | J22: Versie | O22: Verbeterde | P22: Versie | U22: Verbeterde | V22: Versie
I23: Tropical | J23: Storm | K23: IPA | M23: Ongeschroot | O23: Lek-Porter | P23: V2
I24: Naam | J24: Hoeveelheid | K24: Eenheid | L24: €/brouw | M24: Aankoop | N24: Prijs | O24: Naam | P24: Hoeveelheid | Q24: Eenheid | R24: €/brouw | S24: Aankoop | T24: Prijs
I25: Batch volume | J25: 11 | K25: L | O25: Batch volume | P25: 9 | Q25: L
I26: Elektriciteit | J26: 5 | K26: kWh | L26: =J26/M26*N26 -> 1.1 | M26: 1 | N26: 0.22 | O26: Elektriciteit | P26: 5 | Q26: kWh | R26: =P26/S26*T26 -> 1.1 | S26: 1 | T26: 0.22
I27: Water | J27: 330 | K27: L | L27: =J27/M27*N27 -> 0.759 | M27: 1 | N27: 0.0023 | O27: Water | P27: 330 | Q27: L | R27: =P27/S27*T27 -> 0.759 | S27: 1 | T27: 0.0023
I28: El dorado | J28: 50 | K28: gram | L28: =J28/M28*N28 -> 2.75 | M28: 100 | N28: 5.5 | O28: East kent gold | P28: 20 | Q28: gram | R28: =P28/S28*T28 -> 0.99 | S28: 100 | T28: 4.95
I29: Cascade | J29: 50 | K29: gram | L29: =J29/M29*N29 -> 2.875 | M29: 100 | N29: 5.75 | O29: Maris otter | P29: 2000 | Q29: gram | R29: =P29/S29*T29 -> 7.5 | S29: 1000 | T29: 3.75
I30: Vienna mout | J30: 2000 | K30: gram | L30: =J30/M30*N30 -> 4.5 | M30: 1000 | N30: 2.25 | O30: Crystal | P30: 400 | Q30: gram | R30: =P30/S30*T30 -> 1.54 | S30: 1000 | T30: 3.85
I31: Pilsner mout | J31: 1000 | K31: gram | L31: =J31/M31*N31 -> 2.49 | M31: 1000 | N31: 2.49 | O31: Chocolate | P31: 125 | Q31: gram | R31: =P31/S31*T31 -> 0.525 | S31: 250 | T31: 1.05
I32: Haver | J32: 1000 | K32: gram | L32: =J32/M32*N32 -> 2.95 | M32: 1000 | N32: 2.95 | O32: Havervlokken | P32: 100 | Q32: gram | R32: =P32/S32*T32 -> 0.295 | S32: 1000 | T32: 2.95
I33: Gist | J33: 1 | K33: pk | L33: =J33/M33*N33 -> 2.95 | M33: 1 | N33: 2.95 | O33: Safale US-05 | P33: 1 | Q33: pk | R33: =P33/S33*T33 -> 2.95 | S33: 1 | T33: 2.95
I34: Suiker | J34: =3.6*J35 -> 118.8 | K34: gram | L34: =J34/M34*N34 -> 0.12474 | M34: 1000 | N34: 1.05 | O34: Kroonkurken | P34: =P25*3 -> 27 | Q34: # | R34: =P34/S34*T34 -> 1.1475 | S34: 100 | T34: 4.25
I35: Kroonkurken | J35: =J25*3 -> 33 | K35: # | L35: =J35/M35*N35 -> 1.4025 | M35: 100 | N35: 4.25 | O35: Reiniging | P35: 10 | Q35: ml | R35: =P35/S35*T35 -> 0.699 | S35: 100 | T35: 6.99
I36: Reiniging | J36: 10 | K36: ml | L36: =J36/M36*N36 -> 0.699 | M36: 100 | N36: 6.99 | O36: Suikertabletten | P36: =P34 -> 27 | Q36: # | R36: =P36/S36*T36 -> 2.4705 | S36: 60 | T36: 5.49
I37: Verzendkosten | L37: 3.5 | O37: Verzendkosten | R37: 3.48
I38: Totaalprijs | J38: =SUM(L25:L37) -> 26.10024 | O38: Totaalprijs | P38: =SUM(R25:R37) -> 23.456
I39: Prijs per fles | J39: =J38/(J25*3) -> 0.79091636 | O39: Prijs per fles | P39: =P38/(P25*3) -> 0.86874074

Sheet Hoplijst
A1: Hopsoort | B1: Type | C1: Smaak 1 | D1: Smaak 2 | E1: Smaak 3 | F1: Afkomst | G1: Prijs 100 gram | H1: Link
A2: Nectaron | B2: Aroma | C2: Citrus | D2: Ananas | E2: Passievruct | F2: NZ | G2: 10.5 | H2: https://www.unibrew-nederland.nl/nectaronr-nz-hopkorrels-100-gram.html
A3: Waimea | B3: Dual | C3: Pine | D3: Citrus | E3: Manderijn | F3: NZ | G3: 5.95 | H3: https://www.unibrew-nederland.nl/hopkorrels-waimea-nz-100-gram1.html
A4: East Kent Goldings | B4: Bittering | C4: Floral | D4: Spice | E4: Honey | F4: VK
A5: Citra | B5: Dual | C5: Citrus | D5: Perzik | E5: Meloen | F5: VS
A6: Azacca | B6: Dual | C6: Mango | D6: Ananas | E6: Citrus | F6: VS
A7: El Dorado | B7: Dual | C7: Peer | D7: Watermeloen | E7: Snoep | F7: VS
A8: Huell Melon | B8: Aroma | C8: Meloen | D8: Aardbei | F8: DE

Sheet Subscription program
E1: Jaarpakket
E2: Aantal deelnemers | F2: 4
E3: Aantal batches | F3: 3
D4: 250 | E4: Aantal biertjes | F4: 2
E5: Prijs per biertje | F5: =D4/100 -> 2.5
E6: Kosten per biertje | F6: =GETPIVOTDATA("Kosten Fles",Dashboard!$A$10) -> 1.1425625 | G6: Winst per bier | H6: =(F5-F6) -> 1.3574375
E7: Winstmarge | F7: =H6/F6 -> 1.1880641 | G7: Winst totaal | H7: =H6*F3*F2*F4 -> 32.5785
E8: Aantal biertjes over | F8: =3*9*F3-F2*F3*F4 -> 57 | G8: Totale kosten batches 9L | H8: =27*F6*F3 -> 92.547563
E9: Totale omzet | F9: =F5*F4*F3*F2 -> 60 | G9: Brouwkosten vergoed | H9: =F5*F4*F3*F2/H8 -> 0.64831529
